{
  "quotes":{
    "USDAED":3.673042,
    "USDAFN":89.000368,
    "USDALL":111.250403,
    "USDAMD":488.543041,
    "USDANG":1.801651,
    "USDAOA":455.994504,
    "USDARS":109.536377,
    "USDAUD":1.346859,
    "USDAWG":1.80025,
    "USDAZN":1.70397,
    "USDBAM":1.773827,
    "USDBBD":2.01852,
    "USDBDT":86.242608,
    "USDBGN":1.771859,
    "USDBHD":0.376768,
    "USDBIF":2011,
    "USDBMD":1,
    "USDBND":1.356884,
    "USDBOB":6.872908,
    "USDBRL":5.02375,
    "USDBSD":0.999723,
    "USDBTC":2.3867479e-5,
    "USDBTN":76.0848,
    "USDBWP":11.577196,
    "USDBYN":3.248942,
    "USDBYR":19600,
    "USDBZD":2.015046,
    "USDCAD":1.26085,
    "USDCDF":2012.000362,
    "USDCHF":0.932029,
    "USDCLF":0.02912,
    "USDCLP":803.510396,
    "USDCNY":6.361204,
    "USDCOP":3819.84,
    "USDCRC":641.725731,
    "USDCUC":1,
    "USDCUP":26.5,
    "USDCVE":100.150394,
    "USDCZK":22.500504,
    "USDDJF":177.720394,
    "USDDKK":6.73495,
    "USDDOP":54.950393,
    "USDDZD":142.53504,
    "USDEGP":15.69977,
    "USDERN":15.000005,
    "USDETB":50.903876,
    "USDEUR":0.90395,
    "USDFJD":2.120392,
    "USDFKP":0.766959,
    "USDGBP":0.758668,
    "USDGEL":3.21504,
    "USDGGP":0.766959,
    "USDGHS":7.25039,
    "USDGIP":0.766959,
    "USDGMD":53.25039,
    "USDGNF":8910.000355,
    "USDGTQ":7.702591,
    "USDGYD":209.152994,
    "USDHKD":7.82495,
    "USDHNL":24.380389,
    "USDHRK":6.849604,
    "USDHTG":105.432663,
    "USDHUF":339.603833,
    "USDIDR":14342.35,
    "USDILS":3.24507,
    "USDIMP":0.766959,
    "USDINR":75.94665,
    "USDIQD":1460.5,
    "USDIRR":42250.000352,
    "USDISK":128.960386,
    "USDJEP":0.766959,
    "USDJMD":152.952593,
    "USDJOD":0.709804,
    "USDJPY":119.21304,
    "USDKES":114.403804,
    "USDKGS":102.889604,
    "USDKHR":4032.000351,
    "USDKMF":445.375039,
    "USDKPW":900.00035,
    "USDKRW":1211.370384,
    "USDKWD":0.30375,
    "USDKYD":0.833129,
    "USDKZT":508.604623,
    "USDLAK":11515.000349,
    "USDLBP":1513.000349,
    "USDLKR":277.412026,
    "USDLRD":153.450382,
    "USDLSL":15.970382,
    "USDLTL":2.95274,
    "USDLVL":0.60489,
    "USDLYD":4.645039,
    "USDMAD":9.769039,
    "USDMDL":18.444048,
    "USDMGA":4024.67038,
    "USDMKD":55.877926,
    "USDMMK":1777.585797,
    "USDMNT":2878.772791,
    "USDMOP":8.052603,
    "USDMRO":356.999828,
    "USDMUR":44.280379,
    "USDMVR":15.450378,
    "USDMWK":812.000345,
    "USDMXN":20.362504,
    "USDMYR":4.193039,
    "USDMZN":63.830377,
    "USDNAD":15.970377,
    "USDNGN":415.920377,
    "USDNIO":35.730377,
    "USDNOK":8.745595,
    "USDNPR":121.735897,
    "USDNZD":1.447745,
    "USDOMR":0.384795,
    "USDPAB":0.999723,
    "USDPEN":3.780504,
    "USDPGK":3.515039,
    "USDPHP":52.557039,
    "USDPKR":180.503704,
    "USDPLN":4.26697,
    "USDPYG":6966.533648,
    "USDQAR":3.641038,
    "USDRON":4.476504,
    "USDRSD":106.470373,
    "USDRUB":107.500104,
    "USDRWF":1022,
    "USDSAR":3.75172,
    "USDSBD":8.041881,
    "USDSCR":14.408136,
    "USDSDG":447.00034,
    "USDSEK":9.40717,
    "USDSGD":1.356204,
    "USDSHP":1.377404,
    "USDSLL":11725.000339,
    "USDSOS":585.000338,
    "USDSRD":20.632504,
    "USDSTD":20697.981008,
    "USDSVC":8.747466,
    "USDSYP":2512.000338,
    "USDSZL":15.97037,
    "USDTHB":33.29037,
    "USDTJS":13.000848,
    "USDTMT":3.5,
    "USDTND":2.949504,
    "USDTOP":2.260704,
    "USDTRY":14.809104,
    "USDTTD":6.783392,
    "USDTWD":28.371038,
    "USDTZS":2318.000336,
    "USDUAH":29.39058,
    "USDUGX":3583.3322,
    "USDUSD":1,
    "USDUYU":42.651007,
    "USDUZS":11560.000335,
    "USDVEF":213830222338.07285,
    "USDVND":22865,
    "USDVUV":114.116604,
    "USDWST":2.622046,
    "USDXAF":594.918375,
    "USDXAG":0.040122,
    "USDXAU":0.000521,
    "USDXCD":2.70255,
    "USDXDR":0.722746,
    "USDXOF":591.503602,
    "USDXPF":108.3036,
    "USDYER":250.250364,
    "USDZAR":14.855545,
    "USDZMK":9001.203593,
    "USDZMW":17.71278,
    "USDZWL":321.999592
  }
}